"";"school";"sex";"age";"address";"famsize";"Pstatus";"Medu";"Fedu";"Mjob";"Fjob";"reason";"guardian";"traveltime";"studytime";"failures";"schoolsup";"famsup";"paid";"activities";"nursery";"higher";"internet";"romantic";"famrel";"freetime";"goout";"Dalc";"Walc";"health";"absences";"G1";"G2";"G3"
"1";"GP";"F";18;"U";"GT3";"A";4;4;"at_home";"teacher";"course";"mother";2;2;0;"yes";"no";"no";"no";"yes";"yes";"no";"no";4;3;4;1;1;3;6;5;6;"F"
"2";"GP";"F";17;"U";"GT3";"T";1;1;"at_home";"other";"course";"father";1;2;0;"no";"yes";"no";"no";"no";"yes";"yes";"no";5;3;3;1;1;3;4;5;5;"F"
"4";"GP";"F";15;"U";"GT3";"T";4;2;"health";"services";"home";"mother";1;3;0;"no";"yes";"yes";"yes";"yes";"yes";"yes";"yes";3;2;2;1;1;5;2;15;14;"B"
"5";"GP";"F";16;"U";"GT3";"T";3;3;"other";"other";"home";"father";1;2;0;"no";"yes";"yes";"no";"yes";"yes";"no";"no";4;3;2;1;2;5;4;6;10;"D"
"6";"GP";"M";16;"U";"LE3";"T";4;3;"services";"other";"reputation";"mother";1;2;0;"no";"yes";"yes";"yes";"yes";"yes";"yes";"no";5;4;2;1;2;5;10;15;15;"B"
"7";"GP";"M";16;"U";"LE3";"T";2;2;"other";"other";"home";"mother";1;2;0;"no";"no";"no";"no";"yes";"yes";"yes";"no";4;4;4;1;1;3;0;12;12;"D"
"8";"GP";"F";17;"U";"GT3";"A";4;4;"other";"teacher";"home";"mother";2;2;0;"yes";"yes";"no";"no";"yes";"yes";"no";"no";4;1;4;1;1;1;6;6;5;"F"
"9";"GP";"M";15;"U";"LE3";"A";3;2;"services";"other";"home";"mother";1;2;0;"no";"yes";"yes";"no";"yes";"yes";"yes";"no";4;2;2;1;1;1;0;16;18;"A"
"10";"GP";"M";15;"U";"GT3";"T";3;4;"other";"other";"home";"mother";1;2;0;"no";"yes";"yes";"yes";"yes";"yes";"yes";"no";5;5;1;1;1;5;0;14;15;"B"
"11";"GP";"F";15;"U";"GT3";"T";4;4;"teacher";"health";"reputation";"mother";1;2;0;"no";"yes";"yes";"no";"yes";"yes";"yes";"no";3;3;3;1;2;2;0;10;8;"F"
"12";"GP";"F";15;"U";"GT3";"T";2;1;"services";"other";"reputation";"father";3;3;0;"no";"yes";"no";"yes";"yes";"yes";"yes";"no";5;2;2;1;1;4;4;10;12;"C"
"13";"GP";"M";15;"U";"LE3";"T";4;4;"health";"services";"course";"father";1;1;0;"no";"yes";"yes";"yes";"yes";"yes";"yes";"no";4;3;3;1;3;5;2;14;14;"B"
"14";"GP";"M";15;"U";"GT3";"T";4;3;"teacher";"other";"course";"mother";2;2;0;"no";"yes";"yes";"no";"yes";"yes";"yes";"no";5;4;3;1;2;3;2;10;10;"D"
"15";"GP";"M";15;"U";"GT3";"A";2;2;"other";"other";"home";"other";1;3;0;"no";"yes";"no";"no";"yes";"yes";"yes";"yes";4;5;2;1;1;3;0;14;16;"A"
"16";"GP";"F";16;"U";"GT3";"T";4;4;"health";"other";"home";"mother";1;1;0;"no";"yes";"no";"no";"yes";"yes";"yes";"no";4;4;4;1;2;2;4;14;14;"B"
"17";"GP";"F";16;"U";"GT3";"T";4;4;"services";"services";"reputation";"mother";1;3;0;"no";"yes";"yes";"yes";"yes";"yes";"yes";"no";3;2;3;1;2;2;6;13;14;"B"
"18";"GP";"F";16;"U";"GT3";"T";3;3;"other";"other";"reputation";"mother";3;2;0;"yes";"yes";"no";"yes";"yes";"yes";"no";"no";5;3;2;1;1;4;4;8;10;"D"
"19";"GP";"M";17;"U";"GT3";"T";3;2;"services";"services";"course";"mother";1;1;3;"no";"yes";"no";"yes";"yes";"yes";"yes";"no";5;5;5;2;4;5;16;6;5;"F"
"20";"GP";"M";16;"U";"LE3";"T";4;3;"health";"other";"home";"father";1;1;0;"no";"no";"yes";"yes";"yes";"yes";"yes";"no";3;1;3;1;3;5;4;8;10;"D"
"21";"GP";"M";15;"U";"GT3";"T";4;3;"teacher";"other";"reputation";"mother";1;2;0;"no";"no";"no";"no";"yes";"yes";"yes";"no";4;4;1;1;1;1;0;13;14;"B"
"22";"GP";"M";15;"U";"GT3";"T";4;4;"health";"health";"other";"father";1;1;0;"no";"yes";"yes";"no";"yes";"yes";"yes";"no";5;4;2;1;1;5;0;12;15;"B"
"23";"GP";"M";16;"U";"LE3";"T";4;2;"teacher";"other";"course";"mother";1;2;0;"no";"no";"no";"yes";"yes";"yes";"yes";"no";4;5;1;1;3;5;2;15;15;"A"
"26";"GP";"F";16;"U";"GT3";"T";2;2;"services";"services";"home";"mother";1;1;2;"no";"yes";"yes";"no";"no";"yes";"yes";"no";1;2;2;1;3;5;14;6;9;"F"
"27";"GP";"M";15;"U";"GT3";"T";2;2;"other";"other";"home";"mother";1;1;0;"no";"yes";"yes";"no";"yes";"yes";"yes";"no";4;2;2;1;2;5;2;12;12;"D"
"28";"GP";"M";15;"U";"GT3";"T";4;2;"health";"services";"other";"mother";1;1;0;"no";"no";"yes";"no";"yes";"yes";"yes";"no";2;2;4;2;4;1;4;15;16;"B"
"29";"GP";"M";16;"U";"LE3";"A";3;4;"services";"other";"home";"mother";1;2;0;"yes";"yes";"no";"yes";"yes";"yes";"yes";"no";5;3;3;1;1;5;4;11;11;"D"
"30";"GP";"M";16;"U";"GT3";"T";4;4;"teacher";"teacher";"home";"mother";1;2;0;"no";"yes";"yes";"yes";"yes";"yes";"yes";"yes";4;4;5;5;5;5;16;10;12;"D"
"31";"GP";"M";15;"U";"GT3";"T";4;4;"health";"services";"home";"mother";1;2;0;"no";"yes";"yes";"no";"no";"yes";"yes";"no";5;4;2;3;4;5;0;9;11;"C"
"32";"GP";"M";15;"U";"GT3";"T";4;4;"services";"services";"reputation";"mother";2;2;0;"no";"yes";"no";"yes";"yes";"yes";"yes";"no";4;3;1;1;1;5;0;17;16;"A"
"33";"GP";"M";15;"R";"GT3";"T";4;3;"teacher";"at_home";"course";"mother";1;2;0;"no";"yes";"no";"yes";"yes";"yes";"yes";"yes";4;5;2;1;1;5;0;17;16;"A"
"34";"GP";"M";15;"U";"LE3";"T";3;3;"other";"other";"course";"mother";1;2;0;"no";"no";"no";"yes";"no";"yes";"yes";"no";5;3;2;1;1;2;0;8;10;"C"
"39";"GP";"F";15;"R";"GT3";"T";3;4;"services";"health";"course";"mother";1;3;0;"yes";"yes";"yes";"yes";"yes";"yes";"yes";"no";4;3;2;1;1;5;2;12;12;"D"
"40";"GP";"F";15;"R";"GT3";"T";2;2;"at_home";"other";"reputation";"mother";1;1;0;"yes";"yes";"yes";"yes";"yes";"yes";"no";"no";4;3;1;1;1;2;8;14;13;"C"
"41";"GP";"F";16;"U";"LE3";"T";2;2;"other";"other";"home";"mother";2;2;1;"no";"yes";"no";"yes";"no";"yes";"yes";"yes";3;3;3;1;2;3;25;7;10;"D"
"42";"GP";"M";15;"U";"LE3";"T";4;4;"teacher";"other";"home";"other";1;1;0;"no";"yes";"no";"no";"no";"yes";"yes";"yes";5;4;3;2;4;5;8;12;12;"C"
"46";"GP";"F";15;"U";"LE3";"A";4;3;"other";"other";"course";"mother";1;2;0;"yes";"yes";"yes";"yes";"yes";"yes";"yes";"yes";5;2;2;1;1;5;8;8;8;"F"
"47";"GP";"F";16;"U";"LE3";"A";3;3;"other";"services";"home";"mother";1;2;0;"no";"yes";"no";"no";"yes";"yes";"yes";"no";2;3;5;1;4;3;12;11;12;"D"
"50";"GP";"F";15;"U";"GT3";"T";4;4;"services";"teacher";"other";"father";1;2;1;"yes";"yes";"no";"yes";"no";"yes";"yes";"no";4;4;4;1;1;3;2;7;7;"F"
"51";"GP";"F";16;"U";"LE3";"T";2;2;"services";"services";"course";"mother";3;2;0;"no";"yes";"yes";"no";"yes";"yes";"yes";"no";4;3;3;2;3;4;2;12;13;"C"
"54";"GP";"F";15;"U";"GT3";"T";4;4;"services";"services";"course";"mother";1;1;0;"yes";"yes";"yes";"no";"yes";"yes";"yes";"no";3;3;4;2;3;5;0;8;10;"D"
"55";"GP";"F";15;"U";"LE3";"A";3;3;"other";"other";"other";"mother";1;1;0;"no";"no";"yes";"no";"yes";"yes";"yes";"no";5;3;4;4;4;1;6;10;13;"C"
"56";"GP";"F";16;"U";"GT3";"A";2;1;"other";"other";"other";"mother";1;2;0;"no";"no";"yes";"yes";"yes";"yes";"yes";"yes";5;3;4;1;1;2;8;8;9;"D"
"59";"GP";"M";15;"U";"LE3";"T";1;2;"other";"at_home";"home";"father";1;2;0;"yes";"yes";"no";"yes";"yes";"yes";"yes";"no";4;3;2;1;1;5;2;9;10;"F"
"60";"GP";"F";16;"U";"GT3";"T";4;2;"services";"other";"course";"mother";1;2;0;"no";"yes";"no";"no";"yes";"yes";"yes";"no";4;2;3;1;1;5;2;15;16;"A"
"63";"GP";"F";16;"U";"LE3";"T";1;2;"other";"services";"reputation";"father";1;2;0;"yes";"no";"no";"yes";"yes";"yes";"yes";"no";4;4;3;1;1;1;4;8;10;"F"
"64";"GP";"F";16;"U";"GT3";"T";4;3;"teacher";"health";"home";"mother";1;3;0;"yes";"yes";"yes";"yes";"yes";"yes";"yes";"no";3;4;4;2;4;4;2;10;9;"F"
"66";"GP";"F";16;"U";"LE3";"T";4;3;"teacher";"services";"course";"mother";3;2;0;"no";"yes";"no";"yes";"yes";"yes";"yes";"no";5;4;3;1;2;1;2;16;15;"B"
"68";"GP";"F";16;"U";"GT3";"T";3;1;"services";"other";"course";"mother";1;4;0;"yes";"yes";"yes";"no";"yes";"yes";"yes";"no";4;3;3;1;2;5;4;7;7;"F"
"69";"GP";"F";15;"R";"LE3";"T";2;2;"health";"services";"reputation";"mother";2;2;0;"yes";"yes";"yes";"no";"yes";"yes";"yes";"no";4;1;3;1;3;4;2;8;9;"F"
"71";"GP";"M";16;"U";"GT3";"T";3;1;"other";"other";"reputation";"father";2;4;0;"no";"yes";"yes";"no";"yes";"yes";"yes";"no";4;3;2;1;1;5;0;13;15;"B"
"72";"GP";"M";15;"U";"GT3";"T";4;2;"other";"other";"course";"mother";1;4;0;"no";"no";"no";"no";"yes";"yes";"yes";"no";3;3;3;1;1;3;0;10;10;"D"
"73";"GP";"F";15;"R";"GT3";"T";1;1;"other";"other";"reputation";"mother";1;2;2;"yes";"yes";"no";"no";"no";"yes";"yes";"yes";3;3;4;2;4;5;2;8;6;"F"
"77";"GP";"M";15;"U";"GT3";"T";4;0;"teacher";"other";"course";"mother";2;4;0;"no";"no";"no";"yes";"yes";"yes";"yes";"no";3;4;3;1;1;1;8;11;11;"D"
"78";"GP";"F";16;"U";"GT3";"T";2;2;"other";"other";"reputation";"mother";1;4;0;"no";"no";"yes";"no";"yes";"yes";"yes";"yes";5;2;3;1;3;3;0;11;11;"D"
"79";"GP";"M";17;"U";"GT3";"T";2;1;"other";"other";"home";"mother";2;1;3;"yes";"yes";"no";"yes";"yes";"no";"yes";"no";4;5;1;1;1;3;2;8;8;"D"
"80";"GP";"F";16;"U";"GT3";"T";3;4;"at_home";"other";"course";"mother";1;2;0;"no";"yes";"no";"no";"yes";"yes";"yes";"no";2;4;3;1;2;3;12;5;5;"F"
"84";"GP";"M";15;"U";"LE3";"T";2;2;"services";"services";"home";"mother";2;2;0;"no";"no";"yes";"yes";"yes";"yes";"yes";"no";5;3;3;1;3;4;4;15;15;"B"
"85";"GP";"F";15;"U";"GT3";"T";1;1;"other";"other";"home";"father";1;2;0;"no";"yes";"no";"yes";"no";"yes";"yes";"no";4;3;2;2;3;4;2;9;10;"D"
"87";"GP";"F";16;"U";"LE3";"T";2;2;"at_home";"other";"course";"mother";1;2;0;"no";"yes";"no";"no";"yes";"yes";"no";"no";4;3;4;1;2;2;4;8;7;"F"
"89";"GP";"M";16;"U";"GT3";"T";2;2;"services";"other";"reputation";"father";2;2;1;"no";"no";"yes";"yes";"no";"yes";"yes";"no";4;4;2;1;1;3;12;11;10;"D"
"90";"GP";"M";16;"U";"LE3";"A";4;4;"teacher";"health";"reputation";"mother";1;2;0;"no";"yes";"no";"no";"yes";"yes";"no";"no";4;1;3;3;5;5;18;8;6;"F"
"91";"GP";"F";16;"U";"GT3";"T";3;3;"other";"other";"home";"mother";1;3;0;"no";"yes";"yes";"no";"yes";"yes";"yes";"yes";4;3;3;1;3;4;0;7;7;"F"
"92";"GP";"F";15;"U";"GT3";"T";4;3;"services";"other";"reputation";"mother";1;1;0;"no";"no";"yes";"yes";"yes";"yes";"yes";"no";4;5;5;1;3;1;4;16;17;"A"
"93";"GP";"F";16;"U";"LE3";"T";3;1;"other";"other";"home";"father";1;2;0;"yes";"yes";"no";"no";"yes";"yes";"no";"no";3;3;3;2;3;2;4;7;6;"F"
"94";"GP";"F";16;"U";"GT3";"T";4;2;"teacher";"services";"home";"mother";2;2;0;"no";"yes";"yes";"yes";"yes";"yes";"yes";"no";5;3;3;1;1;1;0;11;10;"D"
"97";"GP";"M";16;"R";"GT3";"T";4;3;"services";"other";"reputation";"mother";2;1;0;"yes";"yes";"no";"yes";"no";"yes";"yes";"no";3;3;3;1;1;4;2;11;15;"B"
"98";"GP";"F";16;"U";"GT3";"T";2;1;"other";"other";"course";"mother";1;2;0;"no";"yes";"yes";"no";"yes";"yes";"no";"yes";4;3;5;1;1;5;2;8;9;"D"
"99";"GP";"F";16;"U";"GT3";"T";4;4;"other";"other";"reputation";"mother";1;1;0;"no";"no";"no";"yes";"no";"yes";"yes";"no";5;3;4;1;2;1;6;11;14;"B"
"100";"GP";"F";16;"U";"GT3";"T";4;3;"other";"at_home";"course";"mother";1;3;0;"yes";"yes";"yes";"no";"yes";"yes";"yes";"no";5;3;5;1;1;3;0;7;9;"F"
"101";"GP";"M";16;"U";"GT3";"T";4;4;"services";"services";"other";"mother";1;1;0;"yes";"yes";"yes";"yes";"yes";"yes";"yes";"no";4;5;5;5;5;4;14;7;7;"F"
"103";"GP";"M";15;"U";"GT3";"T";4;4;"services";"other";"course";"mother";1;1;0;"no";"yes";"no";"yes";"no";"yes";"yes";"no";5;3;3;1;1;5;4;10;13;"B"
"105";"GP";"M";15;"U";"GT3";"A";3;4;"services";"other";"course";"mother";1;2;0;"no";"yes";"yes";"yes";"yes";"yes";"yes";"no";5;4;4;1;1;1;0;16;18;"A"
"106";"GP";"F";15;"U";"GT3";"A";3;3;"other";"health";"reputation";"father";1;4;0;"yes";"no";"no";"no";"yes";"yes";"no";"no";4;3;3;1;1;4;10;10;11;"D"
"107";"GP";"F";15;"U";"GT3";"T";2;2;"other";"other";"course";"mother";1;4;0;"yes";"yes";"yes";"no";"yes";"yes";"yes";"no";5;1;2;1;1;3;8;7;8;"F"
"108";"GP";"M";16;"U";"GT3";"T";3;3;"services";"other";"home";"father";1;3;0;"no";"yes";"no";"yes";"yes";"yes";"yes";"no";5;3;3;1;1;5;2;16;18;"A"
"109";"GP";"M";15;"R";"GT3";"T";4;4;"other";"other";"home";"father";4;4;0;"no";"yes";"yes";"yes";"yes";"yes";"yes";"yes";1;3;5;3;5;1;6;10;13;"C"
"110";"GP";"F";16;"U";"LE3";"T";4;4;"health";"health";"other";"mother";1;3;0;"no";"yes";"yes";"yes";"yes";"yes";"yes";"yes";5;4;5;1;1;4;4;14;15;"A"
"111";"GP";"M";15;"U";"LE3";"A";4;4;"teacher";"teacher";"course";"mother";1;1;0;"no";"no";"no";"yes";"yes";"yes";"yes";"no";5;5;3;1;1;4;6;18;19;"A"
"112";"GP";"F";16;"R";"GT3";"T";3;3;"services";"other";"reputation";"father";1;3;1;"yes";"yes";"no";"yes";"yes";"yes";"yes";"no";4;1;2;1;1;2;0;7;10;"D"
"113";"GP";"F";16;"U";"GT3";"T";2;2;"at_home";"other";"home";"mother";1;2;1;"yes";"no";"no";"yes";"yes";"yes";"yes";"no";3;1;2;1;1;5;6;10;13;"C"
"114";"GP";"M";15;"U";"LE3";"T";4;2;"teacher";"other";"course";"mother";1;1;0;"no";"no";"no";"no";"yes";"yes";"yes";"no";3;5;2;1;1;3;10;18;19;"A"
"115";"GP";"M";15;"R";"GT3";"T";2;1;"health";"services";"reputation";"mother";1;2;0;"no";"no";"no";"yes";"yes";"yes";"yes";"yes";5;4;2;1;1;5;8;9;9;"F"
"116";"GP";"M";16;"U";"GT3";"T";4;4;"teacher";"teacher";"course";"father";1;2;0;"no";"yes";"no";"yes";"yes";"yes";"yes";"no";5;4;4;1;2;5;2;15;15;"A"
"117";"GP";"M";15;"U";"GT3";"T";4;4;"other";"teacher";"reputation";"father";2;2;0;"no";"yes";"no";"yes";"yes";"yes";"no";"no";4;4;3;1;1;2;2;11;13;"B"
"118";"GP";"M";16;"U";"GT3";"T";3;3;"other";"services";"home";"father";2;1;0;"no";"no";"no";"yes";"yes";"yes";"yes";"no";5;4;2;1;1;5;0;13;14;"C"
"120";"GP";"M";15;"U";"GT3";"T";3;4;"other";"other";"reputation";"father";1;1;0;"no";"no";"no";"no";"yes";"yes";"yes";"no";3;4;3;1;2;4;6;14;13;"C"
"121";"GP";"F";15;"U";"GT3";"T";1;2;"at_home";"services";"course";"mother";1;2;0;"no";"no";"no";"no";"no";"yes";"yes";"no";3;2;3;1;2;1;2;16;15;"B"
"122";"GP";"M";15;"U";"GT3";"T";2;2;"services";"services";"home";"father";1;4;0;"no";"yes";"yes";"yes";"yes";"yes";"yes";"no";5;5;4;1;2;5;6;16;14;"B"
"123";"GP";"F";16;"U";"LE3";"T";2;4;"other";"health";"course";"father";2;2;0;"no";"yes";"yes";"yes";"yes";"yes";"yes";"yes";4;2;2;1;2;5;2;13;13;"C"
"124";"GP";"M";16;"U";"GT3";"T";4;4;"health";"other";"course";"mother";1;1;0;"no";"yes";"no";"yes";"yes";"yes";"yes";"no";3;4;4;1;4;5;18;14;11;"C"
"125";"GP";"F";16;"U";"GT3";"T";2;2;"other";"other";"home";"mother";1;2;0;"no";"no";"yes";"no";"yes";"yes";"yes";"yes";5;4;4;1;1;5;0;8;7;"F"
"126";"GP";"M";15;"U";"GT3";"T";3;4;"services";"services";"home";"father";1;1;0;"yes";"no";"no";"no";"yes";"yes";"yes";"no";5;5;5;3;2;5;0;13;13;"C"
"127";"GP";"F";15;"U";"LE3";"A";3;4;"other";"other";"home";"mother";1;2;0;"yes";"no";"no";"yes";"yes";"yes";"yes";"yes";5;3;2;1;1;1;0;7;10;"D"
"128";"GP";"F";19;"U";"GT3";"T";0;1;"at_home";"other";"course";"other";1;2;3;"no";"yes";"no";"no";"no";"no";"no";"no";3;4;2;1;1;5;2;7;8;"F"
"129";"GP";"M";18;"R";"GT3";"T";2;2;"services";"other";"reputation";"mother";1;1;2;"no";"yes";"no";"yes";"yes";"yes";"yes";"no";3;3;3;1;2;4;0;7;4;"F"
"130";"GP";"M";16;"R";"GT3";"T";4;4;"teacher";"teacher";"course";"mother";1;1;0;"no";"no";"yes";"yes";"yes";"yes";"yes";"no";3;5;5;2;5;4;8;18;18;"A"
"131";"GP";"F";15;"R";"GT3";"T";3;4;"services";"teacher";"course";"father";2;3;2;"no";"yes";"no";"no";"yes";"yes";"yes";"yes";4;2;2;2;2;5;0;12;0;"F"
"132";"GP";"F";15;"U";"GT3";"T";1;1;"at_home";"other";"course";"mother";3;1;0;"no";"yes";"no";"yes";"no";"yes";"yes";"yes";4;3;3;1;2;4;0;8;0;"F"
"134";"GP";"F";16;"U";"GT3";"A";3;4;"services";"other";"course";"father";1;1;0;"no";"no";"no";"no";"yes";"yes";"yes";"no";3;2;1;1;4;5;16;12;11;"D"
"135";"GP";"M";15;"R";"GT3";"T";3;4;"at_home";"teacher";"course";"mother";4;2;0;"no";"yes";"no";"no";"yes";"yes";"no";"yes";5;3;3;1;1;5;0;9;0;"F"
"136";"GP";"F";15;"U";"GT3";"T";4;4;"services";"at_home";"course";"mother";1;3;0;"no";"yes";"no";"yes";"yes";"yes";"yes";"yes";4;3;3;1;1;5;0;11;0;"F"
"137";"GP";"M";17;"R";"GT3";"T";3;4;"at_home";"other";"course";"mother";3;2;0;"no";"no";"no";"no";"yes";"yes";"no";"no";5;4;5;2;4;5;0;10;0;"F"
"138";"GP";"F";16;"U";"GT3";"A";3;3;"other";"other";"course";"other";2;1;2;"no";"yes";"no";"yes";"no";"yes";"yes";"yes";4;3;2;1;1;5;0;4;0;"F"
"140";"GP";"F";15;"U";"GT3";"T";4;4;"teacher";"teacher";"course";"mother";2;1;0;"no";"no";"no";"yes";"yes";"yes";"yes";"no";4;3;2;1;1;5;0;16;16;"B"
"141";"GP";"M";15;"U";"GT3";"T";4;3;"teacher";"services";"course";"father";2;4;0;"yes";"yes";"no";"no";"yes";"yes";"yes";"no";2;2;2;1;1;3;0;7;9;"F"
"142";"GP";"M";16;"U";"LE3";"T";2;2;"services";"services";"reputation";"father";2;1;2;"no";"yes";"no";"yes";"yes";"yes";"yes";"no";2;3;3;2;2;2;8;9;9;"F"
"143";"GP";"F";15;"U";"GT3";"T";4;4;"teacher";"services";"course";"mother";1;3;0;"no";"yes";"yes";"yes";"yes";"yes";"yes";"no";4;2;2;1;1;5;2;9;11;"D"
"144";"GP";"F";16;"U";"LE3";"T";1;1;"at_home";"at_home";"course";"mother";1;1;0;"no";"no";"no";"no";"yes";"yes";"yes";"no";3;4;4;3;3;1;2;14;14;"C"
"145";"GP";"M";17;"U";"GT3";"T";2;1;"other";"other";"home";"mother";1;1;3;"no";"yes";"no";"no";"yes";"yes";"yes";"no";5;4;5;1;2;5;0;5;0;"F"
"146";"GP";"F";15;"U";"GT3";"T";1;1;"other";"services";"course";"father";1;2;0;"no";"yes";"yes";"no";"yes";"yes";"yes";"no";4;4;2;1;2;5;0;8;11;"D"
"147";"GP";"F";15;"U";"GT3";"T";3;2;"health";"services";"home";"father";1;2;3;"no";"yes";"no";"no";"yes";"yes";"yes";"no";3;3;2;1;1;3;0;6;7;"F"
"148";"GP";"F";15;"U";"GT3";"T";1;2;"at_home";"other";"course";"mother";1;2;0;"no";"yes";"yes";"no";"no";"yes";"yes";"no";4;3;2;1;1;5;2;10;11;"D"
"150";"GP";"M";15;"U";"LE3";"A";2;1;"services";"other";"course";"mother";4;1;3;"no";"no";"no";"no";"yes";"yes";"yes";"no";4;5;5;2;5;5;0;8;9;"D"
"151";"GP";"M";18;"U";"LE3";"T";1;1;"other";"other";"course";"mother";1;1;3;"no";"no";"no";"no";"yes";"no";"yes";"yes";2;3;5;2;5;4;0;6;5;"F"
"152";"GP";"M";16;"U";"LE3";"T";2;1;"at_home";"other";"course";"mother";1;1;1;"no";"no";"no";"yes";"yes";"yes";"no";"yes";4;4;4;3;5;5;6;12;13;"B"
"153";"GP";"F";15;"R";"GT3";"T";3;3;"services";"services";"reputation";"other";2;3;2;"no";"yes";"yes";"yes";"yes";"yes";"yes";"yes";4;2;1;2;3;3;8;10;10;"D"
"154";"GP";"M";19;"U";"GT3";"T";3;2;"services";"at_home";"home";"mother";1;1;3;"no";"yes";"no";"no";"yes";"no";"yes";"yes";4;5;4;1;1;4;0;5;0;"F"
"157";"GP";"M";17;"R";"LE3";"T";1;2;"other";"other";"reputation";"mother";1;1;0;"no";"no";"no";"no";"yes";"yes";"no";"no";2;2;2;3;3;5;8;16;12;"C"
"159";"GP";"M";16;"R";"GT3";"T";2;2;"at_home";"other";"course";"mother";3;1;0;"no";"no";"no";"no";"no";"yes";"no";"no";4;2;2;1;2;3;2;17;15;"B"
"162";"GP";"M";15;"R";"GT3";"T";3;2;"other";"other";"course";"mother";2;2;2;"yes";"yes";"no";"no";"yes";"yes";"yes";"yes";4;4;4;1;4;3;6;5;9;"F"
"163";"GP";"M";16;"U";"LE3";"T";1;2;"other";"other";"course";"mother";2;1;1;"no";"no";"no";"yes";"yes";"yes";"no";"no";4;4;4;2;4;5;0;7;0;"F"
"164";"GP";"M";17;"U";"GT3";"T";1;3;"at_home";"services";"course";"father";1;1;0;"no";"no";"no";"no";"yes";"no";"yes";"no";5;3;3;1;4;2;2;10;10;"D"
"165";"GP";"M";17;"R";"LE3";"T";1;1;"other";"services";"course";"mother";4;2;3;"no";"no";"no";"yes";"yes";"no";"no";"yes";5;3;5;1;5;5;0;5;8;"F"
"167";"GP";"M";16;"U";"GT3";"T";2;2;"other";"other";"course";"father";1;2;0;"no";"no";"no";"no";"yes";"no";"yes";"no";4;3;5;2;4;4;4;10;10;"D"
"168";"GP";"F";16;"U";"GT3";"T";4;2;"health";"services";"home";"father";1;2;0;"no";"no";"yes";"no";"yes";"yes";"yes";"yes";4;2;3;1;1;3;0;14;15;"A"
"169";"GP";"F";16;"U";"GT3";"T";2;2;"other";"other";"home";"mother";1;2;0;"no";"yes";"yes";"no";"no";"yes";"yes";"no";5;1;5;1;1;4;0;6;7;"F"
"172";"GP";"M";16;"U";"GT3";"T";1;0;"other";"other";"reputation";"mother";2;2;0;"no";"yes";"yes";"yes";"yes";"yes";"yes";"yes";4;3;2;1;1;3;2;13;15;"A"
"173";"GP";"M";17;"U";"LE3";"T";4;4;"teacher";"other";"reputation";"mother";1;2;0;"no";"yes";"yes";"yes";"yes";"yes";"yes";"no";4;4;4;1;3;5;0;13;11;"D"
"175";"GP";"F";16;"U";"LE3";"T";3;3;"other";"other";"reputation";"mother";2;2;0;"no";"yes";"yes";"yes";"yes";"yes";"yes";"no";4;4;5;1;1;4;4;10;11;"F"
"176";"GP";"M";17;"U";"LE3";"T";4;3;"teacher";"other";"course";"mother";2;2;0;"no";"no";"yes";"yes";"yes";"yes";"yes";"no";4;4;4;4;4;4;4;10;9;"F"
"178";"GP";"M";17;"U";"GT3";"T";3;3;"other";"other";"reputation";"father";1;2;0;"no";"no";"no";"yes";"no";"yes";"yes";"no";4;3;4;1;4;4;4;6;5;"F"
"179";"GP";"M";16;"R";"GT3";"T";4;2;"teacher";"services";"other";"mother";1;1;0;"no";"yes";"no";"yes";"yes";"yes";"yes";"yes";4;3;3;3;4;3;10;10;8;"F"
"180";"GP";"M";17;"U";"GT3";"T";4;3;"other";"other";"course";"mother";1;2;0;"no";"yes";"no";"yes";"yes";"yes";"yes";"yes";5;2;3;1;1;2;4;10;10;"D"
"183";"GP";"F";17;"U";"GT3";"T";2;4;"services";"services";"reputation";"father";1;2;0;"no";"yes";"no";"yes";"yes";"yes";"no";"no";5;4;2;2;3;5;0;16;17;"A"
"184";"GP";"F";17;"U";"LE3";"T";3;3;"other";"other";"reputation";"mother";1;2;0;"no";"yes";"no";"yes";"yes";"yes";"yes";"yes";5;3;3;2;3;1;56;9;9;"F"
"185";"GP";"F";16;"U";"GT3";"T";3;2;"other";"other";"reputation";"mother";1;2;0;"no";"yes";"yes";"no";"yes";"yes";"yes";"no";1;2;2;1;2;1;14;12;13;"C"
"187";"GP";"M";16;"U";"GT3";"T";1;2;"services";"services";"other";"mother";1;1;0;"no";"yes";"yes";"yes";"yes";"yes";"yes";"yes";3;3;3;1;2;3;2;11;12;"D"
"189";"GP";"F";17;"U";"GT3";"A";3;3;"health";"other";"reputation";"mother";1;2;0;"no";"yes";"no";"no";"no";"yes";"yes";"yes";3;3;3;1;3;3;6;8;7;"F"
"192";"GP";"F";17;"U";"GT3";"T";1;1;"at_home";"services";"course";"mother";1;2;0;"no";"no";"no";"yes";"yes";"yes";"yes";"no";5;3;3;1;1;3;0;8;8;"F"
"194";"GP";"M";16;"R";"GT3";"T";3;3;"services";"services";"reputation";"mother";1;1;0;"no";"yes";"no";"yes";"yes";"yes";"yes";"no";4;3;2;3;4;5;8;8;9;"D"
"196";"GP";"F";17;"U";"LE3";"T";2;4;"services";"services";"course";"father";1;2;0;"no";"no";"no";"yes";"yes";"yes";"yes";"yes";4;3;2;1;1;5;0;14;15;"B"
"197";"GP";"M";17;"U";"GT3";"T";4;4;"services";"teacher";"home";"mother";1;1;0;"no";"no";"no";"no";"yes";"yes";"yes";"no";5;2;3;1;2;5;4;17;15;"A"
"198";"GP";"M";16;"R";"LE3";"T";3;3;"teacher";"other";"home";"father";3;1;0;"no";"yes";"yes";"yes";"yes";"yes";"yes";"no";3;3;4;3;5;3;8;9;9;"D"
"199";"GP";"F";17;"U";"GT3";"T";4;4;"services";"teacher";"home";"mother";2;1;1;"no";"yes";"no";"no";"yes";"yes";"yes";"no";4;2;4;2;3;2;24;18;18;"A"
"200";"GP";"F";16;"U";"LE3";"T";4;4;"teacher";"teacher";"reputation";"mother";1;2;0;"no";"yes";"yes";"no";"yes";"yes";"yes";"no";4;5;2;1;2;3;0;9;9;"D"
"201";"GP";"F";16;"U";"GT3";"T";4;3;"health";"other";"home";"mother";1;2;0;"no";"yes";"no";"yes";"yes";"yes";"yes";"no";4;3;5;1;5;2;2;16;16;"A"
"202";"GP";"F";16;"U";"GT3";"T";2;3;"other";"other";"reputation";"mother";1;2;0;"yes";"yes";"yes";"yes";"yes";"yes";"no";"no";4;4;3;1;3;4;6;8;10;"D"
"203";"GP";"F";17;"U";"GT3";"T";1;1;"other";"other";"course";"mother";1;2;0;"no";"yes";"yes";"no";"no";"yes";"no";"no";4;4;4;1;3;1;4;9;9;"D"
"207";"GP";"F";16;"U";"GT3";"A";3;1;"services";"other";"course";"mother";1;2;3;"no";"yes";"yes";"no";"yes";"yes";"yes";"no";2;3;3;2;2;4;5;7;7;"F"
"213";"GP";"F";16;"U";"GT3";"A";2;2;"other";"other";"reputation";"mother";1;2;0;"yes";"yes";"yes";"no";"yes";"yes";"yes";"no";3;3;4;1;1;4;0;12;13;"B"
"214";"GP";"M";18;"U";"GT3";"T";2;2;"services";"other";"home";"mother";1;2;1;"no";"yes";"yes";"yes";"yes";"yes";"yes";"no";4;4;4;2;4;5;15;6;7;"F"
"216";"GP";"F";17;"U";"LE3";"T";3;2;"other";"other";"reputation";"mother";2;2;0;"no";"no";"yes";"no";"yes";"yes";"yes";"no";4;4;4;1;3;1;2;14;15;"B"
"217";"GP";"F";17;"U";"GT3";"T";4;3;"other";"other";"reputation";"mother";1;2;2;"no";"no";"yes";"no";"yes";"yes";"yes";"yes";3;4;5;2;4;1;22;6;6;"F"
"219";"GP";"F";17;"U";"GT3";"T";2;3;"at_home";"other";"home";"father";2;1;0;"no";"yes";"yes";"no";"yes";"yes";"no";"no";3;3;3;1;4;3;3;7;7;"F"
"222";"GP";"F";17;"U";"GT3";"T";1;1;"at_home";"other";"reputation";"mother";1;3;1;"no";"yes";"no";"yes";"yes";"yes";"no";"yes";4;3;4;1;1;5;0;6;5;"F"
"225";"GP";"F";16;"U";"GT3";"T";4;4;"teacher";"services";"home";"mother";1;3;0;"no";"yes";"no";"yes";"no";"yes";"yes";"no";5;3;2;1;1;5;0;13;13;"B"
"226";"GP";"F";18;"R";"GT3";"T";3;1;"other";"other";"reputation";"mother";1;2;1;"no";"no";"no";"yes";"yes";"yes";"yes";"yes";5;3;3;1;1;4;16;9;8;"F"
"227";"GP";"F";17;"U";"GT3";"T";3;2;"other";"other";"course";"mother";1;2;0;"no";"no";"no";"yes";"no";"yes";"yes";"no";5;3;4;1;3;3;10;16;15;"B"
"228";"GP";"M";17;"U";"LE3";"T";2;3;"services";"services";"reputation";"father";1;2;0;"no";"yes";"yes";"no";"no";"yes";"yes";"no";5;3;3;1;3;3;2;12;11;"C"
"230";"GP";"F";17;"U";"GT3";"A";2;1;"other";"other";"course";"mother";2;3;0;"no";"no";"no";"yes";"yes";"yes";"yes";"yes";3;2;3;1;2;3;10;12;10;"C"
"231";"GP";"F";17;"U";"LE3";"T";4;3;"health";"other";"reputation";"father";1;2;0;"no";"no";"no";"yes";"yes";"yes";"yes";"yes";3;2;3;1;2;3;14;13;13;"B"
"233";"GP";"M";17;"U";"GT3";"T";4;4;"teacher";"teacher";"reputation";"mother";1;2;0;"yes";"yes";"no";"yes";"yes";"yes";"yes";"yes";4;5;5;1;3;2;14;11;9;"F"
"234";"GP";"M";16;"U";"GT3";"T";4;4;"health";"other";"reputation";"father";1;2;0;"no";"yes";"yes";"yes";"yes";"yes";"yes";"no";4;2;4;2;4;1;2;14;13;"C"
"235";"GP";"M";16;"U";"LE3";"T";1;1;"other";"other";"home";"mother";2;2;0;"no";"yes";"yes";"no";"yes";"yes";"yes";"no";3;4;2;1;1;5;18;9;7;"F"
"236";"GP";"M";16;"U";"GT3";"T";3;2;"at_home";"other";"reputation";"mother";2;3;0;"no";"no";"no";"yes";"yes";"yes";"yes";"yes";5;3;3;1;3;2;10;11;9;"D"
"238";"GP";"F";16;"U";"GT3";"T";2;1;"other";"other";"home";"mother";1;1;0;"no";"no";"no";"no";"yes";"yes";"yes";"yes";4;5;2;1;1;5;20;13;12;"C"
"242";"GP";"M";17;"R";"LE3";"A";4;4;"teacher";"other";"course";"mother";2;2;0;"no";"yes";"yes";"no";"yes";"yes";"yes";"no";3;3;3;2;3;4;2;10;11;"C"
"243";"GP";"M";16;"U";"LE3";"T";4;3;"teacher";"other";"course";"mother";1;1;0;"no";"no";"no";"yes";"no";"yes";"yes";"no";5;4;5;1;1;3;0;6;0;"F"
"244";"GP";"M";16;"U";"GT3";"T";4;4;"services";"services";"course";"mother";1;1;0;"no";"no";"no";"yes";"yes";"yes";"yes";"no";5;3;2;1;2;5;0;13;12;"C"
"245";"GP";"F";18;"U";"GT3";"T";2;1;"other";"other";"course";"other";2;3;0;"no";"yes";"yes";"no";"no";"yes";"yes";"yes";4;4;4;1;1;3;0;7;0;"F"
"246";"GP";"M";16;"U";"GT3";"T";2;1;"other";"other";"course";"mother";3;1;0;"no";"no";"no";"no";"yes";"yes";"yes";"no";4;3;3;1;1;4;6;18;18;"A"
"247";"GP";"M";17;"U";"GT3";"T";2;3;"other";"other";"course";"father";2;1;0;"no";"no";"no";"no";"yes";"yes";"yes";"no";5;2;2;1;1;2;4;12;12;"C"
"248";"GP";"M";22;"U";"GT3";"T";3;1;"services";"services";"other";"mother";1;1;3;"no";"no";"no";"no";"no";"no";"yes";"yes";5;4;5;5;5;1;16;6;8;"F"
"249";"GP";"M";18;"R";"LE3";"T";3;3;"other";"services";"course";"mother";1;2;1;"no";"yes";"no";"no";"yes";"yes";"yes";"yes";4;3;3;1;3;5;8;3;5;"F"
"251";"GP";"M";18;"U";"GT3";"T";3;2;"services";"other";"course";"mother";2;1;1;"no";"no";"no";"no";"yes";"no";"yes";"no";4;4;5;2;4;5;0;6;8;"F"
"253";"GP";"M";18;"U";"GT3";"T";2;1;"services";"services";"other";"mother";1;1;1;"no";"no";"no";"no";"no";"no";"yes";"no";3;2;5;2;5;5;4;6;9;"F"
"254";"GP";"M";16;"R";"GT3";"T";2;1;"other";"other";"course";"mother";2;1;0;"no";"no";"no";"yes";"no";"yes";"no";"no";3;3;2;1;3;3;0;8;9;"F"
"255";"GP";"M";17;"R";"GT3";"T";2;1;"other";"other";"course";"mother";1;1;0;"no";"no";"no";"no";"no";"yes";"yes";"no";4;4;2;2;4;5;0;8;12;"C"
"258";"GP";"M";19;"U";"LE3";"A";4;3;"services";"at_home";"reputation";"mother";1;2;0;"no";"yes";"no";"no";"yes";"yes";"yes";"no";4;3;1;1;1;1;12;11;11;"D"
"259";"GP";"M";18;"U";"GT3";"T";2;1;"other";"other";"home";"mother";1;2;0;"no";"no";"no";"yes";"yes";"yes";"yes";"no";5;2;4;1;2;4;8;15;14;"B"
"264";"GP";"F";17;"U";"GT3";"T";3;3;"other";"other";"home";"mother";1;3;0;"no";"no";"no";"yes";"no";"yes";"no";"no";3;2;3;1;1;4;4;10;9;"F"
"265";"GP";"F";18;"U";"GT3";"T";2;2;"at_home";"services";"home";"mother";1;3;0;"no";"yes";"yes";"yes";"yes";"yes";"yes";"yes";4;3;3;1;1;3;0;9;10;"F"
"267";"GP";"M";17;"U";"GT3";"T";3;1;"services";"other";"other";"mother";1;2;0;"no";"no";"yes";"yes";"yes";"yes";"yes";"yes";5;4;4;3;4;5;2;9;9;"D"
"269";"GP";"M";18;"U";"GT3";"T";4;2;"health";"other";"reputation";"father";1;2;0;"no";"yes";"yes";"yes";"yes";"yes";"yes";"yes";5;4;5;1;3;5;10;10;9;"D"
"271";"GP";"F";19;"U";"GT3";"T";3;3;"other";"services";"home";"other";1;2;2;"no";"yes";"yes";"yes";"yes";"yes";"yes";"no";4;3;5;3;3;5;15;9;9;"F"
"273";"GP";"F";18;"U";"LE3";"T";1;1;"other";"other";"home";"mother";2;2;0;"no";"yes";"yes";"no";"no";"yes";"no";"no";4;4;3;1;1;3;2;11;11;"D"
"275";"GP";"F";17;"U";"GT3";"T";2;4;"at_home";"health";"reputation";"mother";2;2;0;"no";"yes";"yes";"no";"yes";"yes";"yes";"yes";4;3;3;1;1;1;2;10;10;"D"
"276";"GP";"F";17;"U";"LE3";"T";2;2;"services";"other";"course";"mother";2;2;0;"yes";"yes";"yes";"no";"yes";"yes";"yes";"yes";4;4;4;2;3;5;6;12;12;"C"
"277";"GP";"F";18;"R";"GT3";"A";3;2;"other";"services";"home";"mother";2;2;0;"no";"no";"no";"no";"no";"no";"yes";"yes";4;1;1;1;1;5;75;10;9;"F"
"278";"GP";"M";18;"U";"GT3";"T";4;4;"teacher";"services";"home";"mother";2;1;0;"no";"no";"yes";"yes";"yes";"yes";"yes";"no";3;2;4;1;4;3;22;9;9;"F"
"279";"GP";"F";18;"U";"GT3";"T";4;4;"health";"health";"reputation";"father";1;2;1;"yes";"yes";"no";"yes";"yes";"yes";"yes";"yes";2;4;4;1;1;4;15;9;8;"F"
"280";"GP";"M";18;"U";"LE3";"T";4;3;"teacher";"services";"course";"mother";2;1;0;"no";"no";"yes";"yes";"yes";"yes";"yes";"no";4;2;3;1;2;1;8;10;11;"D"
"281";"GP";"M";17;"U";"LE3";"A";4;1;"services";"other";"home";"mother";2;1;0;"no";"no";"yes";"yes";"yes";"yes";"yes";"yes";4;5;4;2;4;5;30;8;8;"F"
"282";"GP";"M";17;"U";"LE3";"A";3;2;"teacher";"services";"home";"mother";1;1;1;"no";"no";"no";"no";"yes";"yes";"yes";"no";4;4;4;3;4;3;19;11;9;"D"
"283";"GP";"F";18;"R";"LE3";"T";1;1;"at_home";"other";"reputation";"mother";2;4;0;"no";"yes";"yes";"yes";"yes";"yes";"no";"no";5;2;2;1;1;3;1;12;12;"C"
"284";"GP";"F";18;"U";"GT3";"T";1;1;"other";"other";"home";"mother";2;2;0;"yes";"no";"no";"yes";"yes";"yes";"yes";"no";5;4;4;1;1;4;4;8;9;"D"
"285";"GP";"F";17;"U";"GT3";"T";2;2;"other";"other";"course";"mother";1;2;0;"no";"yes";"no";"no";"no";"yes";"yes";"no";5;4;5;1;2;5;4;10;9;"D"
"286";"GP";"M";17;"U";"GT3";"T";1;1;"other";"other";"reputation";"father";1;2;0;"no";"no";"yes";"no";"no";"yes";"yes";"no";4;3;3;1;2;4;2;12;10;"D"
"287";"GP";"F";18;"U";"GT3";"T";2;2;"at_home";"at_home";"other";"mother";1;3;0;"no";"yes";"yes";"no";"yes";"yes";"yes";"no";4;3;3;1;2;2;5;18;18;"A"
"288";"GP";"F";17;"U";"GT3";"T";1;1;"services";"teacher";"reputation";"mother";1;3;0;"no";"yes";"yes";"no";"yes";"yes";"yes";"no";4;3;3;1;1;3;6;13;12;"C"
"289";"GP";"M";18;"U";"GT3";"T";2;1;"services";"services";"reputation";"mother";1;3;0;"no";"no";"yes";"yes";"yes";"yes";"yes";"no";4;2;4;1;3;2;6;15;14;"B"
"291";"GP";"M";18;"U";"GT3";"T";4;2;"teacher";"other";"home";"mother";1;2;0;"no";"yes";"yes";"yes";"yes";"yes";"yes";"yes";4;3;2;1;4;5;11;12;11;"D"
"292";"GP";"F";17;"U";"GT3";"T";4;3;"health";"services";"reputation";"mother";1;3;0;"no";"yes";"yes";"no";"yes";"yes";"yes";"no";4;2;2;1;2;3;0;15;15;"B"
"293";"GP";"F";18;"U";"LE3";"T";2;1;"services";"at_home";"reputation";"mother";1;2;1;"no";"no";"no";"no";"yes";"yes";"yes";"yes";5;4;3;1;1;5;12;12;12;"C"
"294";"GP";"F";17;"R";"LE3";"T";3;1;"services";"other";"reputation";"mother";2;4;0;"no";"yes";"yes";"no";"yes";"yes";"no";"no";3;1;2;1;1;3;6;18;18;"A"
"295";"GP";"M";18;"R";"LE3";"T";3;2;"services";"other";"reputation";"mother";2;3;0;"no";"yes";"yes";"yes";"yes";"yes";"yes";"no";5;4;2;1;1;4;8;14;13;"B"
"297";"GP";"F";19;"U";"GT3";"T";4;4;"health";"other";"reputation";"other";2;2;0;"no";"yes";"yes";"yes";"yes";"yes";"yes";"no";2;3;4;2;3;2;0;10;9;"F"
"299";"GP";"F";18;"U";"GT3";"T";4;3;"other";"other";"reputation";"father";1;4;0;"no";"yes";"yes";"no";"yes";"yes";"yes";"no";4;3;3;1;1;3;0;14;13;"B"
"300";"GP";"M";18;"U";"LE3";"T";4;4;"teacher";"teacher";"home";"mother";1;1;0;"no";"yes";"yes";"no";"yes";"yes";"yes";"yes";1;4;2;2;2;1;5;16;15;"A"
"301";"GP";"F";18;"U";"LE3";"A";4;4;"health";"other";"home";"mother";1;2;0;"no";"yes";"no";"no";"yes";"yes";"yes";"yes";4;2;4;1;1;4;14;12;10;"D"
"302";"GP";"M";17;"U";"LE3";"T";4;4;"other";"teacher";"home";"father";2;1;0;"no";"no";"yes";"no";"yes";"yes";"yes";"no";4;1;1;2;2;5;0;11;11;"D"
"305";"GP";"M";19;"U";"GT3";"T";3;3;"other";"other";"home";"other";1;2;1;"no";"yes";"no";"yes";"yes";"yes";"yes";"yes";4;4;4;1;1;3;20;15;14;"C"
"307";"GP";"M";20;"U";"GT3";"A";3;2;"services";"other";"course";"other";1;1;0;"no";"no";"no";"yes";"yes";"yes";"no";"no";5;5;3;1;1;5;0;17;18;"A"
"308";"GP";"M";19;"U";"GT3";"T";4;4;"teacher";"services";"reputation";"other";2;1;1;"no";"yes";"yes";"no";"yes";"yes";"yes";"yes";4;3;4;1;1;4;38;8;9;"F"
"309";"GP";"M";19;"R";"GT3";"T";3;3;"other";"services";"reputation";"father";1;2;1;"no";"no";"no";"yes";"yes";"yes";"no";"yes";4;5;3;1;2;5;0;15;12;"C"
"310";"GP";"F";19;"U";"LE3";"T";1;1;"at_home";"other";"reputation";"other";1;2;1;"yes";"yes";"no";"yes";"no";"yes";"yes";"no";4;4;3;1;3;3;18;12;10;"D"
"313";"GP";"M";19;"U";"GT3";"T";1;2;"other";"services";"course";"other";1;2;1;"no";"no";"no";"no";"no";"yes";"yes";"no";4;5;2;2;2;4;3;13;11;"D"
"314";"GP";"F";19;"U";"LE3";"T";3;2;"services";"other";"reputation";"other";2;2;1;"no";"yes";"yes";"no";"no";"yes";"yes";"yes";4;2;2;1;2;1;22;13;10;"D"
"315";"GP";"F";19;"U";"GT3";"T";1;1;"at_home";"health";"home";"other";1;3;2;"no";"no";"no";"no";"no";"yes";"yes";"yes";4;1;2;1;1;3;14;15;13;"C"
"316";"GP";"F";19;"R";"GT3";"T";2;3;"other";"other";"reputation";"other";1;3;1;"no";"no";"no";"no";"yes";"yes";"yes";"yes";4;1;2;1;1;3;40;13;11;"D"
"317";"GP";"F";18;"U";"GT3";"T";2;1;"services";"other";"course";"mother";2;2;0;"no";"yes";"yes";"yes";"yes";"yes";"yes";"no";5;3;3;1;2;1;0;8;8;"F"
"318";"GP";"F";18;"U";"GT3";"T";4;3;"other";"other";"course";"mother";1;3;0;"no";"yes";"yes";"yes";"yes";"yes";"yes";"yes";4;3;4;1;1;5;9;9;10;"F"
"319";"GP";"F";17;"R";"GT3";"T";3;4;"at_home";"services";"course";"father";1;3;0;"no";"yes";"yes";"yes";"no";"yes";"yes";"no";4;3;4;2;5;5;0;11;11;"D"
"320";"GP";"F";18;"U";"GT3";"T";4;4;"teacher";"other";"course";"mother";1;2;0;"no";"yes";"yes";"no";"yes";"yes";"yes";"no";4;4;4;3;3;5;2;11;11;"D"
"323";"GP";"F";17;"R";"LE3";"T";2;2;"services";"services";"course";"mother";1;3;0;"no";"yes";"yes";"yes";"yes";"yes";"yes";"no";3;3;2;2;2;3;3;11;11;"D"
"324";"GP";"F";17;"U";"GT3";"T";3;1;"services";"services";"course";"father";1;3;0;"no";"yes";"no";"no";"no";"yes";"yes";"no";3;4;3;2;3;5;1;12;14;"B"
"325";"GP";"F";17;"U";"LE3";"T";0;2;"at_home";"at_home";"home";"father";2;3;0;"no";"no";"no";"no";"yes";"yes";"yes";"no";3;3;3;2;3;2;0;16;15;"B"
"326";"GP";"M";18;"U";"GT3";"T";4;4;"other";"other";"course";"mother";1;3;0;"no";"no";"no";"yes";"yes";"yes";"yes";"no";4;3;3;2;2;3;3;9;12;"D"
"328";"GP";"M";17;"R";"GT3";"T";2;2;"services";"other";"course";"mother";4;1;0;"no";"yes";"no";"no";"yes";"yes";"yes";"no";4;4;5;5;5;4;8;11;10;"D"
"329";"GP";"F";17;"U";"GT3";"T";4;4;"teacher";"services";"course";"mother";1;3;0;"no";"yes";"yes";"yes";"yes";"yes";"yes";"no";5;4;4;1;3;4;7;10;9;"F"
"330";"GP";"F";17;"U";"GT3";"T";4;4;"teacher";"teacher";"course";"mother";2;3;0;"no";"yes";"yes";"no";"no";"yes";"yes";"yes";4;3;3;1;2;4;4;14;14;"B"
"332";"GP";"F";17;"R";"GT3";"T";2;4;"at_home";"other";"course";"father";1;3;0;"no";"yes";"no";"no";"yes";"yes";"yes";"yes";4;4;3;1;1;5;7;12;14;"B"
"334";"GP";"F";18;"U";"LE3";"T";2;2;"other";"other";"home";"other";1;2;0;"no";"no";"no";"yes";"no";"yes";"yes";"yes";4;3;3;1;1;2;0;8;8;"F"
"336";"GP";"F";17;"U";"GT3";"T";3;4;"services";"other";"course";"mother";1;3;0;"no";"no";"no";"no";"yes";"yes";"yes";"no";4;4;5;1;3;5;16;16;15;"B"
"338";"GP";"F";17;"U";"GT3";"T";3;2;"other";"other";"home";"mother";1;2;0;"no";"yes";"yes";"no";"yes";"yes";"yes";"yes";4;3;2;2;3;2;0;7;8;"F"
"340";"GP";"F";17;"R";"GT3";"A";3;2;"other";"other";"home";"mother";1;2;0;"no";"yes";"yes";"no";"yes";"yes";"yes";"no";4;3;3;2;3;2;4;9;10;"D"
"341";"GP";"F";19;"U";"GT3";"T";2;1;"services";"services";"home";"other";1;3;1;"no";"no";"yes";"yes";"yes";"yes";"yes";"yes";4;3;4;1;3;3;4;11;12;"D"
"342";"GP";"M";18;"U";"GT3";"T";4;4;"teacher";"services";"home";"father";1;2;1;"no";"yes";"no";"yes";"yes";"yes";"yes";"no";4;3;3;2;2;2;0;10;10;"F"
"343";"GP";"M";18;"U";"LE3";"T";3;4;"services";"other";"home";"mother";1;2;0;"no";"no";"no";"yes";"yes";"yes";"yes";"yes";4;3;3;1;3;5;11;16;15;"B"
"344";"GP";"F";17;"U";"GT3";"A";2;2;"at_home";"at_home";"home";"father";1;2;1;"no";"yes";"no";"no";"yes";"yes";"yes";"yes";3;3;1;1;2;4;0;9;8;"F"
"346";"GP";"F";18;"U";"GT3";"T";3;2;"other";"services";"other";"mother";1;3;0;"no";"no";"no";"no";"yes";"yes";"yes";"yes";5;4;3;2;3;1;7;13;13;"B"
"347";"GP";"M";18;"R";"GT3";"T";4;3;"teacher";"services";"course";"mother";1;3;0;"no";"no";"no";"no";"yes";"yes";"yes";"yes";5;3;2;1;2;4;9;16;15;"A"
"348";"GP";"M";18;"U";"GT3";"T";4;3;"teacher";"other";"course";"mother";1;3;0;"no";"yes";"yes";"no";"yes";"yes";"yes";"yes";5;4;5;2;3;5;0;10;10;"F"
"349";"GP";"F";17;"U";"GT3";"T";4;3;"health";"other";"reputation";"mother";1;3;0;"no";"yes";"yes";"yes";"yes";"yes";"yes";"yes";4;4;3;1;3;4;0;13;15;"B"
"350";"MS";"M";18;"R";"GT3";"T";3;2;"other";"other";"course";"mother";2;1;1;"no";"yes";"no";"no";"no";"yes";"yes";"no";2;5;5;5;5;5;10;11;13;"C"
"351";"MS";"M";19;"R";"GT3";"T";1;1;"other";"services";"home";"other";3;2;3;"no";"no";"no";"no";"yes";"yes";"yes";"no";5;4;4;3;3;2;8;8;7;"F"
"352";"MS";"M";17;"U";"GT3";"T";3;3;"health";"other";"course";"mother";2;2;0;"no";"yes";"yes";"no";"yes";"yes";"yes";"no";4;5;4;2;3;3;2;13;13;"C"
"353";"MS";"M";18;"U";"LE3";"T";1;3;"at_home";"services";"course";"mother";1;1;1;"no";"no";"no";"no";"yes";"no";"yes";"yes";4;3;3;2;3;3;7;8;7;"F"
"361";"MS";"F";18;"R";"LE3";"A";1;4;"at_home";"other";"course";"mother";3;2;0;"no";"no";"no";"no";"yes";"yes";"no";"yes";4;3;4;1;4;5;0;13;13;"C"
"362";"MS";"M";18;"R";"LE3";"T";1;1;"at_home";"other";"other";"mother";2;2;1;"no";"no";"no";"yes";"no";"no";"no";"no";4;4;3;2;3;5;2;13;12;"C"
"363";"MS";"F";18;"U";"GT3";"T";3;3;"services";"services";"other";"mother";2;2;0;"no";"yes";"no";"no";"yes";"yes";"yes";"yes";4;3;2;1;3;3;0;11;11;"D"
"364";"MS";"F";17;"U";"LE3";"T";4;4;"at_home";"at_home";"course";"mother";1;2;0;"no";"yes";"yes";"yes";"yes";"yes";"yes";"yes";2;3;4;1;1;1;0;16;15;"B"
"365";"MS";"F";17;"R";"GT3";"T";1;2;"other";"services";"course";"father";2;2;0;"no";"no";"no";"no";"no";"yes";"no";"no";3;2;2;1;2;3;0;12;11;"C"
"366";"MS";"M";18;"R";"GT3";"T";1;3;"at_home";"other";"course";"mother";2;2;0;"no";"yes";"yes";"no";"yes";"yes";"no";"no";3;3;4;2;4;3;4;10;10;"D"
"369";"MS";"F";18;"U";"GT3";"T";2;3;"at_home";"services";"course";"father";2;1;0;"no";"yes";"yes";"no";"yes";"yes";"yes";"yes";5;2;3;1;2;4;0;11;10;"D"
"370";"MS";"F";18;"R";"GT3";"T";4;4;"other";"teacher";"other";"father";3;2;0;"no";"yes";"yes";"no";"no";"yes";"yes";"yes";3;2;2;4;2;5;10;14;12;"D"
"371";"MS";"F";19;"U";"LE3";"T";3;2;"services";"services";"home";"other";2;2;2;"no";"no";"no";"yes";"yes";"yes";"no";"yes";3;2;2;1;1;3;4;7;7;"F"
"372";"MS";"M";18;"R";"LE3";"T";1;2;"at_home";"services";"other";"father";3;1;0;"no";"yes";"yes";"yes";"yes";"no";"yes";"yes";4;3;3;2;3;3;3;14;12;"C"
"373";"MS";"F";17;"U";"GT3";"T";2;2;"other";"at_home";"home";"mother";1;3;0;"no";"no";"no";"yes";"yes";"yes";"no";"yes";3;4;3;1;1;3;8;13;11;"D"
"374";"MS";"F";17;"R";"GT3";"T";1;2;"other";"other";"course";"mother";1;1;0;"no";"no";"no";"yes";"yes";"yes";"yes";"no";3;5;5;1;3;1;14;6;5;"F"
"375";"MS";"F";18;"R";"LE3";"T";4;4;"other";"other";"reputation";"mother";2;3;0;"no";"no";"no";"no";"yes";"yes";"yes";"no";5;4;4;1;1;1;0;19;18;"A"
"377";"MS";"F";20;"U";"GT3";"T";4;2;"health";"other";"course";"other";2;3;2;"no";"yes";"yes";"no";"no";"yes";"yes";"yes";5;4;3;1;1;3;4;15;14;"B"
"378";"MS";"F";18;"R";"LE3";"T";4;4;"teacher";"services";"course";"mother";1;2;0;"no";"no";"yes";"yes";"yes";"yes";"yes";"no";5;4;3;3;4;2;4;8;9;"D"
"379";"MS";"F";18;"U";"GT3";"T";3;3;"other";"other";"home";"mother";1;2;0;"no";"no";"yes";"no";"yes";"yes";"yes";"yes";4;1;3;1;2;1;0;15;15;"B"
"382";"MS";"M";18;"R";"GT3";"T";2;1;"other";"other";"other";"mother";2;1;0;"no";"no";"no";"yes";"no";"yes";"yes";"yes";4;4;3;1;3;5;5;7;6;"F"
"383";"MS";"M";17;"U";"GT3";"T";2;3;"other";"services";"home";"father";2;2;0;"no";"no";"no";"yes";"yes";"yes";"yes";"no";4;4;3;1;1;3;2;11;11;"D"
"384";"MS";"M";19;"R";"GT3";"T";1;1;"other";"services";"other";"mother";2;1;1;"no";"no";"no";"no";"yes";"yes";"no";"no";4;3;2;1;3;5;0;6;5;"F"
"385";"MS";"M";18;"R";"GT3";"T";4;2;"other";"other";"home";"father";2;1;1;"no";"no";"yes";"no";"yes";"yes";"no";"no";5;4;3;4;3;3;14;6;5;"F"
"386";"MS";"F";18;"R";"GT3";"T";2;2;"at_home";"other";"other";"mother";2;3;0;"no";"no";"yes";"no";"yes";"yes";"no";"no";5;3;3;1;3;4;2;10;9;"D"
"388";"MS";"F";19;"R";"GT3";"T";2;3;"services";"other";"course";"mother";1;3;1;"no";"no";"no";"yes";"no";"yes";"yes";"no";5;4;2;1;2;5;0;7;5;"F"
"389";"MS";"F";18;"U";"LE3";"T";3;1;"teacher";"services";"course";"mother";1;2;0;"no";"yes";"yes";"no";"yes";"yes";"yes";"no";4;3;4;1;1;1;0;7;9;"F"
"390";"MS";"F";18;"U";"GT3";"T";1;1;"other";"other";"course";"mother";2;2;1;"no";"no";"no";"yes";"yes";"yes";"no";"no";1;1;1;1;1;5;0;6;5;"F"
"391";"MS";"M";20;"U";"LE3";"A";2;2;"services";"services";"course";"other";1;2;2;"no";"yes";"yes";"no";"yes";"yes";"no";"no";5;5;4;4;5;4;11;9;9;"F"
"392";"MS";"M";17;"U";"LE3";"T";3;1;"services";"services";"course";"mother";2;1;0;"no";"no";"no";"no";"no";"yes";"yes";"no";2;4;5;3;4;2;3;14;16;"A"
"393";"MS";"M";21;"R";"GT3";"T";1;1;"other";"other";"course";"other";1;1;3;"no";"no";"no";"no";"no";"yes";"no";"no";5;5;3;3;3;3;3;10;8;"F"
"394";"MS";"M";18;"R";"LE3";"T";3;2;"services";"other";"course";"mother";3;1;0;"no";"no";"no";"no";"no";"yes";"yes";"no";4;4;1;3;4;5;0;11;12;"D"
